{
    "VERTICES": [
        -0.5,
        -0.42666666666666675,
        0,
        -0.5,
        0.41333333333333333,
        0,
        0.3400000000000001,
        -0.42666666666666675,
        0,
        0.3400000000000001,
        0.41333333333333333,
        0
    ],
    "OBJECT": [
        {
            "id": 1,
            "type": "square",
            "start_idx": 0,
            "count": 4,
            "color": "(0,0,0,0.5)",
            "scale": 1.5,
            "pivotPoint": {
                "x": -0.5,
                "y": 0.41333333333333333
            },
            "otherPoint": {
                "x": 0.25333333333333335,
                "y": -0.14666666666666667
            },
            "sqr_length": 0.8400000000000001
        }
    ],
    "COUNT_SHAPE": 1
}