{
    "VERTICES": [
        -0.7,
        0.7,
        0,
        -0.5533333333333333,
        -0.25333333333333335,
        0,
        -0.23333333333333334,
        0.16000000000000003,
        0,
        -0.23333333333333334,
        0.7066666666666667,
        0,
        0.3133333333333333,
        0.16000000000000003,
        0,
        0.3133333333333333,
        0.7066666666666667,
        0,
        -0.5866666666666667,
        -0.5866666666666667,
        0,
        -0.5866666666666667,
        -0.43333333333333335,
        0,
        -0.43333333333333335,
        -0.5866666666666667,
        0,
        -0.43333333333333335,
        -0.43333333333333335,
        0,
        0.06666666666666667,
        -0.44666666666666666,
        0,
        0.6266666666666667,
        -0.05333333333333334,
        0
    ],
    "OBJECT": [
        {
            "id": 1,
            "type": "line",
            "start_idx": 0,
            "count": 2,
            "color": [
                1,
                1,
                1,
                1
            ]
        },
        {
            "id": 2,
            "type": "square",
            "start_idx": 2,
            "count": 4,
            "color": [
                1,
                1,
                1,
                1
            ]
        },
        {
            "id": 3,
            "type": "square",
            "start_idx": 6,
            "count": 4,
            "color": [
                1,
                1,
                1,
                1
            ]
        },
        {
            "id": 4,
            "type": "line",
            "start_idx": 10,
            "count": 2,
            "color": [
                1,
                1,
                1,
                1
            ]
        }
    ]
}