{
    "VERTICES": [
        -0.66,
        0.7266666666666667,
        0,
        -0.4666666666666667,
        0.02666666666666667,
        0,
        -0.14666666666666667,
        0.28,
        0,
        -0.14666666666666667,
        0.7933333333333333,
        0,
        0.36666666666666664,
        0.28,
        0,
        0.36666666666666664,
        0.7933333333333333,
        0,
        -0.1266666666666667,
        -0.54,
        0,
        -0.1266666666666667,
        0.08666666666666667,
        0,
        0.5,
        -0.54,
        0,
        0.5,
        0.08666666666666667,
        0,
        -0.8,
        -0.05333333333333334,
        0,
        -0.5466666666666666,
        -0.4666666666666667,
        0
    ],
    "OBJECT": [
        {
            "id": 1,
            "type": "line",
            "start_idx": 0,
            "count": 2,
            "color": [
                1,
                1,
                1,
                1
            ]
        },
        {
            "id": 1,
            "type": "square",
            "start_idx": 2,
            "count": 4,
            "color": [
                1,
                1,
                1,
                1
            ]
        },
        {
            "id": 1,
            "type": "square",
            "start_idx": 6,
            "count": 4,
            "color": [
                1,
                1,
                1,
                1
            ]
        },
        {
            "id": 1,
            "type": "line",
            "start_idx": 10,
            "count": 2,
            "color": [
                1,
                1,
                1,
                1
            ]
        }
    ]
}